{
  "Version": 3,
  "Meta": {
    "Duration": 4.533,
    "Fps": 30.0,
    "Loop": true,
    "CurveCount": 29,
    "TotalSegmentCount": 85,
    "TotalPointCount": 224,
    "UserDataCount": 0,
    "TotalUserDataSize": 0,
    "FadeInTime": -1.0,
    "FadeOutTime": -1.0
  },
  "Curves": [
    {
      "Target": "Parameter",
      "Id": "ParamAngleX",
      "Segments": [
        0.0,
        0.0,
        1.0,
        0.111,
        0.0,
        0.222,
        -14.0,
        0.333,
        -14.0,
        1.0,
        0.4,
        -14.0,
        0.467,
        -5.97,
        0.533,
        0.0,
        1.0,
        0.633,
        8.954,
        0.733,
        11.0,
        0.833,
        11.0,
        1.0,
        0.944,
        11.0,
        1.056,
        0.0,
        1.167,
        0.0,
        1.0,
        1.333,
        0.0,
        1.5,
        0.0,
        1.667,
        0.0,
        1.0,
        1.744,
        0.0,
        1.822,
        0.0,
        1.9,
        0.0,
        1.0,
        1.978,
        0.0,
        2.056,
        0.0,
        2.133,
        0.0,
        1.0,
        2.2,
        0.0,
        2.267,
        1.0,
        2.333,
        1.0,
        1.0,
        3.022,
        1.0,
        3.711,
        0.0,
        4.4,
        0.0,
        0.0,
        4.533,
        0.0
      ],
      "FadeInTime": -1.0,
      "FadeOutTime": -1.0
    },
    {
      "Target": "Parameter",
      "Id": "ParamAngleY",
      "Segments": [
        0.0,
        2.0,
        1.0,
        0.111,
        2.0,
        0.222,
        9.505,
        0.333,
        21.0,
        1.0,
        0.4,
        27.897,
        0.467,
        30.0,
        0.533,
        30.0,
        1.0,
        0.633,
        30.0,
        0.733,
        27.464,
        0.833,
        20.0,
        1.0,
        0.944,
        11.707,
        1.056,
        6.0,
        1.167,
        6.0,
        1.0,
        1.333,
        6.0,
        1.5,
        20.0,
        1.667,
        20.0,
        1.0,
        1.744,
        20.0,
        1.822,
        -20.0,
        1.9,
        -20.0,
        1.0,
        1.978,
        -20.0,
        2.056,
        -20.0,
        2.133,
        -20.0,
        1.0,
        2.2,
        -20.0,
        2.267,
        30.0,
        2.333,
        30.0,
        1.0,
        3.022,
        30.0,
        3.711,
        30.0,
        4.4,
        30.0,
        0.0,
        4.533,
        30.0
      ],
      "FadeInTime": -1.0,
      "FadeOutTime": -1.0
    },
    {
      "Target": "Parameter",
      "Id": "ParamAngleZ",
      "Segments": [
        0.0,
        0.0,
        1.0,
        0.756,
        0.0,
        1.511,
        0.0,
        2.267,
        0.0,
        1.0,
        2.444,
        0.0,
        2.622,
        3.267,
        2.8,
        10.0,
        1.0,
        2.833,
        11.262,
        2.867,
        12.0,
        2.9,
        12.0,
        0.0,
        4.533,
        12.0
      ],
      "FadeInTime": -1.0,
      "FadeOutTime": -1.0
    },
    {
      "Target": "Parameter",
      "Id": "ParamEyeLOpen",
      "Segments": [
        0.0,
        1.0,
        1.0,
        0.589,
        1.0,
        1.178,
        1.0,
        1.767,
        1.0,
        1.0,
        1.8,
        1.0,
        1.833,
        0.0,
        1.867,
        0.0,
        1.0,
        1.956,
        0.0,
        2.044,
        0.0,
        2.133,
        0.0,
        1.0,
        2.178,
        0.0,
        2.222,
        1.0,
        2.267,
        1.0,
        1.0,
        2.978,
        1.0,
        3.689,
        1.0,
        4.4,
        1.0,
        0.0,
        4.533,
        1.0
      ],
      "FadeInTime": -1.0,
      "FadeOutTime": -1.0
    },
    {
      "Target": "Parameter",
      "Id": "ParamEyeROpen",
      "Segments": [
        0.0,
        1.0,
        1.0,
        0.589,
        1.0,
        1.178,
        1.0,
        1.767,
        1.0,
        1.0,
        1.8,
        1.0,
        1.833,
        0.0,
        1.867,
        0.0,
        1.0,
        1.956,
        0.0,
        2.044,
        0.0,
        2.133,
        0.0,
        1.0,
        2.178,
        0.0,
        2.222,
        1.0,
        2.267,
        1.0,
        1.0,
        2.978,
        1.0,
        3.689,
        1.0,
        4.4,
        1.0,
        0.0,
        4.533,
        1.0
      ],
      "FadeInTime": -1.0,
      "FadeOutTime": -1.0
    },
    {
      "Target": "Parameter",
      "Id": "ParamEyeBallX",
      "Segments": [
        0.0,
        0.0,
        1.0,
        0.2,
        0.0,
        0.4,
        0.0,
        0.6,
        0.0,
        0.0,
        4.533,
        0.0
      ],
      "FadeInTime": -1.0,
      "FadeOutTime": -1.0
    },
    {
      "Target": "Parameter",
      "Id": "ParamEyeBallY",
      "Segments": [
        0.0,
        0.0,
        1.0,
        0.2,
        0.0,
        0.4,
        -1.0,
        0.6,
        -1.0,
        0.0,
        4.533,
        -1.0
      ],
      "FadeInTime": -1.0,
      "FadeOutTime": -1.0
    },
    {
      "Target": "Parameter",
      "Id": "ParamBrowLAngle",
      "Segments": [
        0.0,
        0.0,
        1.0,
        0.111,
        0.0,
        0.222,
        -1.0,
        0.333,
        -1.0,
        0.0,
        4.533,
        -1.0
      ],
      "FadeInTime": -1.0,
      "FadeOutTime": -1.0
    },
    {
      "Target": "Parameter",
      "Id": "ParamBrowLForm",
      "Segments": [
        0.0,
        0.0,
        0.0,
        4.533,
        0.0
      ],
      "FadeInTime": -1.0,
      "FadeOutTime": -1.0
    },
    {
      "Target": "Parameter",
      "Id": "ParamBrowRAngle",
      "Segments": [
        0.0,
        0.0,
        1.0,
        0.111,
        0.0,
        0.222,
        -1.0,
        0.333,
        -1.0,
        0.0,
        4.533,
        -1.0
      ],
      "FadeInTime": -1.0,
      "FadeOutTime": -1.0
    },
    {
      "Target": "Parameter",
      "Id": "ParamBrowRForm",
      "Segments": [
        0.0,
        0.0,
        0.0,
        4.533,
        0.0
      ],
      "FadeInTime": -1.0,
      "FadeOutTime": -1.0
    },
    {
      "Target": "Parameter",
      "Id": "ParamMouthForm",
      "Segments": [
        0.0,
        0.0,
        1.0,
        0.189,
        0.0,
        0.378,
        0.0,
        0.567,
        0.0,
        1.0,
        0.611,
        0.0,
        0.656,
        -1.0,
        0.7,
        -1.0,
        1.0,
        1.278,
        -1.0,
        1.856,
        -1.0,
        2.433,
        -1.0,
        1.0,
        2.578,
        -1.0,
        2.722,
        0.9,
        2.867,
        0.9,
        1.0,
        3.378,
        0.9,
        3.889,
        0.9,
        4.4,
        0.9,
        0.0,
        4.533,
        0.9
      ],
      "FadeInTime": -1.0,
      "FadeOutTime": -1.0
    },
    {
      "Target": "Parameter",
      "Id": "ParamMouthOpenY",
      "Segments": [
        0.0,
        0.0,
        1.0,
        0.189,
        0.0,
        0.378,
        0.0,
        0.567,
        0.0,
        1.0,
        0.611,
        0.0,
        0.656,
        1.0,
        0.7,
        1.0,
        1.0,
        1.278,
        1.0,
        1.856,
        1.0,
        2.433,
        1.0,
        1.0,
        2.578,
        1.0,
        2.722,
        0.0,
        2.867,
        0.0,
        1.0,
        3.378,
        0.0,
        3.889,
        0.0,
        4.4,
        0.0,
        0.0,
        4.533,
        0.0
      ],
      "FadeInTime": -1.0,
      "FadeOutTime": -1.0
    },
    {
      "Target": "Parameter",
      "Id": "ParamKbEye",
      "Segments": [
        0.0,
        0.0,
        0.0,
        4.533,
        0.0
      ],
      "FadeInTime": -1.0,
      "FadeOutTime": -1.0
    },
    {
      "Target": "Parameter",
      "Id": "ParamGrgreye2",
      "Segments": [
        0.0,
        0.0,
        0.0,
        4.533,
        0.0
      ],
      "FadeInTime": -1.0,
      "FadeOutTime": -1.0
    },
    {
      "Target": "Parameter",
      "Id": "ParamKbEyeKirakira",
      "Segments": [
        0.0,
        0.0,
        1.0,
        0.622,
        0.0,
        1.244,
        0.0,
        1.867,
        0.0,
        1.0,
        1.956,
        0.0,
        2.044,
        1.0,
        2.133,
        1.0,
        0.0,
        4.533,
        1.0
      ],
      "FadeInTime": -1.0,
      "FadeOutTime": -1.0
    },
    {
      "Target": "Parameter",
      "Id": "ParamKbEyeHeart",
      "Segments": [
        0.0,
        0.0,
        0.0,
        4.533,
        0.0
      ],
      "FadeInTime": -1.0,
      "FadeOutTime": -1.0
    },
    {
      "Target": "Parameter",
      "Id": "ParamKbEye2",
      "Segments": [
        0.0,
        0.0,
        0.0,
        4.533,
        0.0
      ],
      "FadeInTime": -1.0,
      "FadeOutTime": -1.0
    },
    {
      "Target": "Parameter",
      "Id": "ParamKbEyeUruuru",
      "Segments": [
        0.0,
        0.0,
        0.0,
        4.533,
        0.0
      ],
      "FadeInTime": -1.0,
      "FadeOutTime": -1.0
    },
    {
      "Target": "Parameter",
      "Id": "ParamKbBlackEyes",
      "Segments": [
        0.0,
        0.0,
        1.0,
        0.622,
        0.0,
        1.244,
        0.0,
        1.867,
        0.0,
        1.0,
        1.956,
        0.0,
        2.044,
        1.0,
        2.133,
        1.0,
        0.0,
        4.533,
        1.0
      ],
      "FadeInTime": -1.0,
      "FadeOutTime": -1.0
    },
    {
      "Target": "Parameter",
      "Id": "ParamKbHighlight",
      "Segments": [
        0.0,
        0.0,
        1.0,
        0.622,
        0.0,
        1.244,
        0.0,
        1.867,
        0.0,
        1.0,
        1.956,
        0.0,
        2.044,
        1.0,
        2.133,
        1.0,
        0.0,
        4.533,
        1.0
      ],
      "FadeInTime": -1.0,
      "FadeOutTime": -1.0
    },
    {
      "Target": "Parameter",
      "Id": "ParamKbTears",
      "Segments": [
        0.0,
        0.0,
        0.0,
        4.533,
        0.0
      ],
      "FadeInTime": -1.0,
      "FadeOutTime": -1.0
    },
    {
      "Target": "Parameter",
      "Id": "ParamKbSweat",
      "Segments": [
        0.0,
        0.0,
        0.0,
        4.533,
        0.0
      ],
      "FadeInTime": -1.0,
      "FadeOutTime": -1.0
    },
    {
      "Target": "Parameter",
      "Id": "ParamKbFaceRed",
      "Segments": [
        0.0,
        0.0,
        0.0,
        4.533,
        0.0
      ],
      "FadeInTime": -1.0,
      "FadeOutTime": -1.0
    },
    {
      "Target": "Parameter",
      "Id": "ParamKbFaceBlue",
      "Segments": [
        0.0,
        0.0,
        0.0,
        4.533,
        0.0
      ],
      "FadeInTime": -1.0,
      "FadeOutTime": -1.0
    },
    {
      "Target": "Parameter",
      "Id": "ParamKbFaceCenter",
      "Segments": [
        0.0,
        0.0,
        0.0,
        4.533,
        0.0
      ],
      "FadeInTime": -1.0,
      "FadeOutTime": -1.0
    },
    {
      "Target": "Parameter",
      "Id": "ParamMHand1",
      "Segments": [
        0.0,
        1.0,
        1.0,
        1.444,
        1.0,
        2.889,
        1.0,
        4.333,
        1.0,
        1.0,
        4.356,
        1.0,
        4.378,
        0.0,
        4.4,
        0.0,
        0.0,
        4.533,
        0.0
      ],
      "FadeInTime": -1.0,
      "FadeOutTime": -1.0
    },
    {
      "Target": "Parameter",
      "Id": "ParamKbHand2",
      "Segments": [
        0.0,
        0.0,
        0.0,
        4.533,
        0.0
      ],
      "FadeInTime": -1.0,
      "FadeOutTime": -1.0
    },
    {
      "Target": "Parameter",
      "Id": "ParamArm",
      "Segments": [
        0.0,
        30.0,
        0.0,
        0.5,
        30.0,
        1.0,
        0.656,
        30.0,
        0.811,
        21.0,
        0.967,
        21.0,
        1.0,
        1.144,
        21.0,
        1.322,
        30.0,
        1.5,
        30.0,
        0.0,
        4.533,
        30.0
      ],
      "FadeInTime": -1.0,
      "FadeOutTime": -1.0
    },
    {
      "Target": "Parameter",
      "Id": "ParamGrgreye",
      "Segments": [
        0.0,
        0.0,
        0.0,
        4.533,
        0.0
      ],
      "FadeInTime": 0.0,
      "FadeOutTime": 0.0
    },
    {
      "Target": "Parameter",
      "Id": "ParamKbEyeUruuru2",
      "Segments": [
        0.0,
        0.0,
        0.0,
        4.533,
        0.0
      ],
      "FadeInTime": 0.0,
      "FadeOutTime": 0.0
    },
    {
      "Target": "PartOpacity",
      "Id": "Part",
      "Segments": [
        0.0,
        1.0,
        0.0,
        4.533,
        1.0
      ],
      "FadeInTime": 0.0,
      "FadeOutTime": 0.0
    },
    {
      "Target": "PartOpacity",
      "Id": "Part41",
      "Segments": [
        0.0,
        1.0,
        0.0,
        4.533,
        1.0
      ],
      "FadeInTime": 0.0,
      "FadeOutTime": 0.0
    },
    {
      "Target": "PartOpacity",
      "Id": "Part2",
      "Segments": [
        0.0,
        1.0,
        0.0,
        4.533,
        1.0
      ],
      "FadeInTime": 0.0,
      "FadeOutTime": 0.0
    },
    {
      "Target": "PartOpacity",
      "Id": "Part5",
      "Segments": [
        0.0,
        1.0,
        0.0,
        4.533,
        1.0
      ],
      "FadeInTime": 0.0,
      "FadeOutTime": 0.0
    },
    {
      "Target": "PartOpacity",
      "Id": "Part6",
      "Segments": [
        0.0,
        1.0,
        0.0,
        4.533,
        1.0
      ],
      "FadeInTime": 0.0,
      "FadeOutTime": 0.0
    },
    {
      "Target": "PartOpacity",
      "Id": "Part7",
      "Segments": [
        0.0,
        1.0,
        0.0,
        4.533,
        1.0
      ],
      "FadeInTime": 0.0,
      "FadeOutTime": 0.0
    },
    {
      "Target": "PartOpacity",
      "Id": "Part9",
      "Segments": [
        0.0,
        1.0,
        0.0,
        4.533,
        1.0
      ],
      "FadeInTime": 0.0,
      "FadeOutTime": 0.0
    },
    {
      "Target": "PartOpacity",
      "Id": "Part10",
      "Segments": [
        0.0,
        1.0,
        0.0,
        4.533,
        1.0
      ],
      "FadeInTime": 0.0,
      "FadeOutTime": 0.0
    },
    {
      "Target": "PartOpacity",
      "Id": "Part39",
      "Segments": [
        0.0,
        1.0,
        0.0,
        4.533,
        1.0
      ],
      "FadeInTime": 0.0,
      "FadeOutTime": 0.0
    },
    {
      "Target": "PartOpacity",
      "Id": "Part11",
      "Segments": [
        0.0,
        1.0,
        0.0,
        4.533,
        1.0
      ],
      "FadeInTime": 0.0,
      "FadeOutTime": 0.0
    },
    {
      "Target": "PartOpacity",
      "Id": "Part12",
      "Segments": [
        0.0,
        1.0,
        0.0,
        4.533,
        1.0
      ],
      "FadeInTime": 0.0,
      "FadeOutTime": 0.0
    },
    {
      "Target": "PartOpacity",
      "Id": "Part13",
      "Segments": [
        0.0,
        1.0,
        0.0,
        4.533,
        1.0
      ],
      "FadeInTime": 0.0,
      "FadeOutTime": 0.0
    },
    {
      "Target": "PartOpacity",
      "Id": "Part8",
      "Segments": [
        0.0,
        1.0,
        0.0,
        4.533,
        1.0
      ],
      "FadeInTime": 0.0,
      "FadeOutTime": 0.0
    },
    {
      "Target": "PartOpacity",
      "Id": "Part38",
      "Segments": [
        0.0,
        1.0,
        0.0,
        4.533,
        1.0
      ],
      "FadeInTime": 0.0,
      "FadeOutTime": 0.0
    },
    {
      "Target": "PartOpacity",
      "Id": "Part14",
      "Segments": [
        0.0,
        1.0,
        0.0,
        4.533,
        1.0
      ],
      "FadeInTime": 0.0,
      "FadeOutTime": 0.0
    },
    {
      "Target": "PartOpacity",
      "Id": "Part15",
      "Segments": [
        0.0,
        1.0,
        0.0,
        4.533,
        1.0
      ],
      "FadeInTime": 0.0,
      "FadeOutTime": 0.0
    },
    {
      "Target": "PartOpacity",
      "Id": "Part37",
      "Segments": [
        0.0,
        1.0,
        0.0,
        4.533,
        1.0
      ],
      "FadeInTime": 0.0,
      "FadeOutTime": 0.0
    },
    {
      "Target": "PartOpacity",
      "Id": "Part36",
      "Segments": [
        0.0,
        1.0,
        0.0,
        4.533,
        1.0
      ],
      "FadeInTime": 0.0,
      "FadeOutTime": 0.0
    },
    {
      "Target": "PartOpacity",
      "Id": "Part4",
      "Segments": [
        0.0,
        1.0,
        0.0,
        4.533,
        1.0
      ],
      "FadeInTime": 0.0,
      "FadeOutTime": 0.0
    },
    {
      "Target": "PartOpacity",
      "Id": "kb4",
      "Segments": [
        0.0,
        1.0,
        0.0,
        4.533,
        1.0
      ],
      "FadeInTime": 0.0,
      "FadeOutTime": 0.0
    },
    {
      "Target": "PartOpacity",
      "Id": "Part16",
      "Segments": [
        0.0,
        1.0,
        0.0,
        4.533,
        1.0
      ],
      "FadeInTime": 0.0,
      "FadeOutTime": 0.0
    },
    {
      "Target": "PartOpacity",
      "Id": "kb",
      "Segments": [
        0.0,
        1.0,
        0.0,
        4.533,
        1.0
      ],
      "FadeInTime": 0.0,
      "FadeOutTime": 0.0
    },
    {
      "Target": "PartOpacity",
      "Id": "Part17",
      "Segments": [
        0.0,
        1.0,
        0.0,
        4.533,
        1.0
      ],
      "FadeInTime": 0.0,
      "FadeOutTime": 0.0
    },
    {
      "Target": "PartOpacity",
      "Id": "kb2",
      "Segments": [
        0.0,
        1.0,
        0.0,
        4.533,
        1.0
      ],
      "FadeInTime": 0.0,
      "FadeOutTime": 0.0
    },
    {
      "Target": "PartOpacity",
      "Id": "Part19",
      "Segments": [
        0.0,
        1.0,
        0.0,
        4.533,
        1.0
      ],
      "FadeInTime": 0.0,
      "FadeOutTime": 0.0
    },
    {
      "Target": "PartOpacity",
      "Id": "Part3",
      "Segments": [
        0.0,
        1.0,
        0.0,
        4.533,
        1.0
      ],
      "FadeInTime": 0.0,
      "FadeOutTime": 0.0
    },
    {
      "Target": "PartOpacity",
      "Id": "Part40",
      "Segments": [
        0.0,
        1.0,
        0.0,
        4.533,
        1.0
      ],
      "FadeInTime": 0.0,
      "FadeOutTime": 0.0
    },
    {
      "Target": "PartOpacity",
      "Id": "Part31",
      "Segments": [
        0.0,
        1.0,
        0.0,
        4.533,
        1.0
      ],
      "FadeInTime": 0.0,
      "FadeOutTime": 0.0
    },
    {
      "Target": "PartOpacity",
      "Id": "Part20",
      "Segments": [
        0.0,
        1.0,
        0.0,
        4.533,
        1.0
      ],
      "FadeInTime": 0.0,
      "FadeOutTime": 0.0
    },
    {
      "Target": "PartOpacity",
      "Id": "Part34",
      "Segments": [
        0.0,
        1.0,
        0.0,
        4.533,
        1.0
      ],
      "FadeInTime": 0.0,
      "FadeOutTime": 0.0
    },
    {
      "Target": "PartOpacity",
      "Id": "Part21",
      "Segments": [
        0.0,
        1.0,
        0.0,
        4.533,
        1.0
      ],
      "FadeInTime": 0.0,
      "FadeOutTime": 0.0
    },
    {
      "Target": "PartOpacity",
      "Id": "Part22",
      "Segments": [
        0.0,
        1.0,
        0.0,
        4.533,
        1.0
      ],
      "FadeInTime": 0.0,
      "FadeOutTime": 0.0
    },
    {
      "Target": "PartOpacity",
      "Id": "Part35",
      "Segments": [
        0.0,
        1.0,
        0.0,
        4.533,
        1.0
      ],
      "FadeInTime": 0.0,
      "FadeOutTime": 0.0
    },
    {
      "Target": "PartOpacity",
      "Id": "Part23",
      "Segments": [
        0.0,
        1.0,
        0.0,
        4.533,
        1.0
      ],
      "FadeInTime": 0.0,
      "FadeOutTime": 0.0
    },
    {
      "Target": "PartOpacity",
      "Id": "Part24",
      "Segments": [
        0.0,
        1.0,
        0.0,
        4.533,
        1.0
      ],
      "FadeInTime": 0.0,
      "FadeOutTime": 0.0
    },
    {
      "Target": "PartOpacity",
      "Id": "Part25",
      "Segments": [
        0.0,
        1.0,
        0.0,
        4.533,
        1.0
      ],
      "FadeInTime": 0.0,
      "FadeOutTime": 0.0
    },
    {
      "Target": "PartOpacity",
      "Id": "Part26",
      "Segments": [
        0.0,
        1.0,
        0.0,
        4.533,
        1.0
      ],
      "FadeInTime": 0.0,
      "FadeOutTime": 0.0
    },
    {
      "Target": "PartOpacity",
      "Id": "Part33",
      "Segments": [
        0.0,
        1.0,
        0.0,
        4.533,
        1.0
      ],
      "FadeInTime": 0.0,
      "FadeOutTime": 0.0
    },
    {
      "Target": "PartOpacity",
      "Id": "Part27",
      "Segments": [
        0.0,
        1.0,
        0.0,
        4.533,
        1.0
      ],
      "FadeInTime": 0.0,
      "FadeOutTime": 0.0
    },
    {
      "Target": "PartOpacity",
      "Id": "Part32",
      "Segments": [
        0.0,
        1.0,
        0.0,
        4.533,
        1.0
      ],
      "FadeInTime": 0.0,
      "FadeOutTime": 0.0
    },
    {
      "Target": "PartOpacity",
      "Id": "Part29",
      "Segments": [
        0.0,
        1.0,
        0.0,
        4.533,
        1.0
      ],
      "FadeInTime": 0.0,
      "FadeOutTime": 0.0
    },
    {
      "Target": "PartOpacity",
      "Id": "Part30",
      "Segments": [
        0.0,
        1.0,
        0.0,
        4.533,
        1.0
      ],
      "FadeInTime": 0.0,
      "FadeOutTime": 0.0
    },
    {
      "Target": "Parameter",
      "Id": "ParamEarPhysics",
      "Segments": [
        0.0,
        0.0,
        0.0,
        4.533,
        0.0
      ],
      "FadeInTime": 0.0,
      "FadeOutTime": 0.0
    },
    {
      "Target": "Parameter",
      "Id": "ParamOthersPhysics",
      "Segments": [
        0.0,
        0.0,
        0.0,
        4.533,
        0.0
      ],
      "FadeInTime": 0.0,
      "FadeOutTime": 0.0
    },
    {
      "Target": "Parameter",
      "Id": "ParamTail",
      "Segments": [
        0.0,
        0.0,
        0.0,
        4.533,
        0.0
      ],
      "FadeInTime": 0.0,
      "FadeOutTime": 0.0
    },
    {
      "Target": "Parameter",
      "Id": "ParamHairFront",
      "Segments": [
        0.0,
        0.0,
        0.0,
        4.533,
        0.0
      ],
      "FadeInTime": 0.0,
      "FadeOutTime": 0.0
    },
    {
      "Target": "Parameter",
      "Id": "ParamHairFront2",
      "Segments": [
        0.0,
        0.0,
        0.0,
        4.533,
        0.0
      ],
      "FadeInTime": 0.0,
      "FadeOutTime": 0.0
    },
    {
      "Target": "Parameter",
      "Id": "ParamHairSide",
      "Segments": [
        0.0,
        0.0,
        0.0,
        4.533,
        0.0
      ],
      "FadeInTime": 0.0,
      "FadeOutTime": 0.0
    },
    {
      "Target": "Parameter",
      "Id": "ParamHairSide2",
      "Segments": [
        0.0,
        0.0,
        0.0,
        4.533,
        0.0
      ],
      "FadeInTime": 0.0,
      "FadeOutTime": 0.0
    },
    {
      "Target": "Parameter",
      "Id": "ParamHairBack",
      "Segments": [
        0.0,
        0.0,
        0.0,
        4.533,
        0.0
      ],
      "FadeInTime": 0.0,
      "FadeOutTime": 0.0
    },
    {
      "Target": "Parameter",
      "Id": "ParamHairBack2",
      "Segments": [
        0.0,
        0.0,
        0.0,
        4.533,
        0.0
      ],
      "FadeInTime": 0.0,
      "FadeOutTime": 0.0
    },
    {
      "Target": "Parameter",
      "Id": "ParamBodyAngleX",
      "Segments": [
        0.0,
        0.0,
        0.0,
        4.533,
        0.0
      ],
      "FadeInTime": 0.0,
      "FadeOutTime": 0.0
    },
    {
      "Target": "Parameter",
      "Id": "ParamBodyAngleY",
      "Segments": [
        0.0,
        0.0,
        0.0,
        4.533,
        0.0
      ],
      "FadeInTime": 0.0,
      "FadeOutTime": 0.0
    },
    {
      "Target": "Parameter",
      "Id": "ParamBodyAngleZ",
      "Segments": [
        0.0,
        0.0,
        0.0,
        4.533,
        0.0
      ],
      "FadeInTime": 0.0,
      "FadeOutTime": 0.0
    }
  ]
}