{
  "Version": 3,
  "Meta": {
    "Duration": 3.0,
    "Fps": 30.0,
    "Loop": true,
    "CurveCount": 45,
    "TotalSegmentCount": 223,
    "TotalPointCount": 268,
    "UserDataCount": 0,
    "TotalUserDataSize": 0,
    "FadeInTime": -1.0,
    "FadeOutTime": -1.0
  },
  "Curves": [
    {
      "Target": "Model",
      "Id": "Opacity",
      "Segments": [
        0.0,
        1.0,
        0.0,
        3.0,
        1.0
      ],
      "FadeInTime": -1.0,
      "FadeOutTime": -1.0
    },
    {
      "Target": "Parameter",
      "Id": "ParamGrgreye",
      "Segments": [
        0.0,
        0.0,
        2.0,
        0.033,
        0.012,
        2.0,
        0.067,
        0.024,
        2.0,
        0.1,
        0.036,
        2.0,
        0.133,
        0.048,
        2.0,
        0.167,
        0.06,
        2.0,
        0.2,
        0.071,
        2.0,
        0.233,
        0.083,
        2.0,
        0.267,
        0.095,
        2.0,
        0.3,
        0.107,
        2.0,
        0.333,
        0.119,
        2.0,
        0.367,
        0.131,
        2.0,
        0.4,
        0.143,
        2.0,
        0.433,
        0.155,
        2.0,
        0.467,
        0.167,
        2.0,
        0.5,
        0.179,
        2.0,
        0.533,
        0.19,
        2.0,
        0.567,
        0.202,
        2.0,
        0.6,
        0.214,
        2.0,
        0.633,
        0.226,
        2.0,
        0.667,
        0.238,
        2.0,
        0.7,
        0.25,
        2.0,
        0.733,
        0.262,
        2.0,
        0.767,
        0.274,
        2.0,
        0.8,
        0.286,
        2.0,
        0.833,
        0.298,
        2.0,
        0.867,
        0.31,
        2.0,
        0.9,
        0.321,
        2.0,
        0.933,
        0.333,
        2.0,
        0.967,
        0.345,
        2.0,
        1.0,
        0.357,
        2.0,
        1.033,
        0.369,
        2.0,
        1.067,
        0.381,
        2.0,
        1.1,
        0.393,
        2.0,
        1.133,
        0.405,
        2.0,
        1.167,
        0.417,
        2.0,
        1.2,
        0.429,
        2.0,
        1.233,
        0.44,
        2.0,
        1.267,
        0.452,
        2.0,
        1.3,
        0.464,
        2.0,
        1.333,
        0.476,
        2.0,
        1.367,
        0.488,
        2.0,
        1.4,
        0.5,
        2.0,
        1.433,
        0.51,
        2.0,
        1.467,
        0.521,
        2.0,
        1.5,
        0.531,
        2.0,
        1.533,
        0.542,
        2.0,
        1.567,
        0.552,
        2.0,
        1.6,
        0.562,
        2.0,
        1.633,
        0.573,
        2.0,
        1.667,
        0.583,
        2.0,
        1.7,
        0.594,
        2.0,
        1.733,
        0.604,
        2.0,
        1.767,
        0.615,
        2.0,
        1.8,
        0.625,
        2.0,
        1.833,
        0.635,
        2.0,
        1.867,
        0.646,
        2.0,
        1.9,
        0.656,
        2.0,
        1.933,
        0.667,
        2.0,
        1.967,
        0.677,
        2.0,
        2.0,
        0.688,
        2.0,
        2.033,
        0.698,
        2.0,
        2.067,
        0.708,
        2.0,
        2.1,
        0.719,
        2.0,
        2.133,
        0.729,
        2.0,
        2.167,
        0.74,
        2.0,
        2.2,
        0.75,
        2.0,
        2.233,
        0.76,
        2.0,
        2.267,
        0.771,
        2.0,
        2.3,
        0.781,
        2.0,
        2.333,
        0.792,
        2.0,
        2.367,
        0.802,
        2.0,
        2.4,
        0.812,
        2.0,
        2.433,
        0.823,
        2.0,
        2.467,
        0.833,
        2.0,
        2.5,
        0.844,
        2.0,
        2.533,
        0.854,
        2.0,
        2.567,
        0.865,
        2.0,
        2.6,
        0.875,
        2.0,
        2.633,
        0.885,
        2.0,
        2.667,
        0.896,
        2.0,
        2.7,
        0.906,
        2.0,
        2.733,
        0.917,
        2.0,
        2.767,
        0.927,
        2.0,
        2.8,
        0.938,
        2.0,
        2.833,
        0.948,
        2.0,
        2.867,
        0.958,
        2.0,
        2.9,
        0.969,
        2.0,
        2.933,
        0.979,
        2.0,
        2.967,
        0.99,
        2.0,
        3.0,
        1.0
      ],
      "FadeInTime": -1.0,
      "FadeOutTime": -1.0
    },
    {
      "Target": "Parameter",
      "Id": "ParamKbEyeUruuru2",
      "Segments": [
        0.0,
        0.0,
        2.0,
        0.033,
        0.02,
        2.0,
        0.067,
        0.04,
        2.0,
        0.1,
        0.06,
        2.0,
        0.133,
        0.08,
        2.0,
        0.167,
        0.1,
        2.0,
        0.2,
        0.12,
        2.0,
        0.233,
        0.14,
        2.0,
        0.267,
        0.16,
        2.0,
        0.3,
        0.18,
        2.0,
        0.333,
        0.2,
        2.0,
        0.367,
        0.23,
        2.0,
        0.4,
        0.26,
        2.0,
        0.433,
        0.29,
        2.0,
        0.467,
        0.32,
        2.0,
        0.5,
        0.35,
        2.0,
        0.533,
        0.38,
        2.0,
        0.567,
        0.41,
        2.0,
        0.6,
        0.44,
        2.0,
        0.633,
        0.47,
        2.0,
        0.667,
        0.5,
        2.0,
        0.7,
        0.53,
        2.0,
        0.733,
        0.56,
        2.0,
        0.767,
        0.59,
        2.0,
        0.8,
        0.62,
        2.0,
        0.833,
        0.65,
        2.0,
        0.867,
        0.68,
        2.0,
        0.9,
        0.71,
        2.0,
        0.933,
        0.74,
        2.0,
        0.967,
        0.77,
        2.0,
        1.0,
        0.8,
        2.0,
        1.033,
        0.82,
        2.0,
        1.067,
        0.84,
        2.0,
        1.1,
        0.86,
        2.0,
        1.133,
        0.88,
        2.0,
        1.167,
        0.9,
        2.0,
        1.2,
        0.92,
        2.0,
        1.233,
        0.94,
        2.0,
        1.267,
        0.96,
        2.0,
        1.3,
        0.98,
        2.0,
        1.333,
        1.0,
        2.0,
        1.367,
        0.9,
        2.0,
        1.4,
        0.8,
        2.0,
        1.433,
        0.7,
        2.0,
        1.467,
        0.6,
        2.0,
        1.5,
        0.5,
        2.0,
        1.533,
        0.4,
        2.0,
        1.567,
        0.3,
        2.0,
        1.6,
        0.2,
        2.0,
        1.633,
        0.1,
        2.0,
        1.667,
        0.0,
        2.0,
        1.7,
        0.02,
        2.0,
        1.733,
        0.04,
        2.0,
        1.767,
        0.06,
        2.0,
        1.8,
        0.08,
        2.0,
        1.833,
        0.1,
        2.0,
        1.867,
        0.12,
        2.0,
        1.9,
        0.14,
        2.0,
        1.933,
        0.16,
        2.0,
        1.967,
        0.18,
        2.0,
        2.0,
        0.2,
        2.0,
        2.033,
        0.227,
        2.0,
        2.067,
        0.255,
        2.0,
        2.1,
        0.282,
        2.0,
        2.133,
        0.309,
        2.0,
        2.167,
        0.336,
        2.0,
        2.2,
        0.364,
        2.0,
        2.233,
        0.391,
        2.0,
        2.267,
        0.418,
        2.0,
        2.3,
        0.445,
        2.0,
        2.333,
        0.473,
        2.0,
        2.367,
        0.5,
        2.0,
        2.4,
        0.533,
        2.0,
        2.433,
        0.567,
        2.0,
        2.467,
        0.6,
        2.0,
        2.5,
        0.633,
        2.0,
        2.533,
        0.667,
        2.0,
        2.567,
        0.7,
        2.0,
        2.6,
        0.733,
        2.0,
        2.633,
        0.767,
        2.0,
        2.667,
        0.8,
        2.0,
        2.7,
        0.82,
        2.0,
        2.733,
        0.84,
        2.0,
        2.767,
        0.86,
        2.0,
        2.8,
        0.88,
        2.0,
        2.833,
        0.9,
        2.0,
        2.867,
        0.92,
        2.0,
        2.9,
        0.94,
        2.0,
        2.933,
        0.96,
        2.0,
        2.967,
        0.98,
        2.0,
        3.0,
        1.0
      ],
      "FadeInTime": -1.0,
      "FadeOutTime": -1.0
    },
    {
      "Target": "PartOpacity",
      "Id": "Part",
      "Segments": [
        0.0,
        1.0,
        0.0,
        3.0,
        1.0
      ],
      "FadeInTime": -1.0,
      "FadeOutTime": -1.0
    },
    {
      "Target": "PartOpacity",
      "Id": "Part41",
      "Segments": [
        0.0,
        1.0,
        0.0,
        3.0,
        1.0
      ],
      "FadeInTime": -1.0,
      "FadeOutTime": -1.0
    },
    {
      "Target": "PartOpacity",
      "Id": "Part2",
      "Segments": [
        0.0,
        1.0,
        0.0,
        3.0,
        1.0
      ],
      "FadeInTime": -1.0,
      "FadeOutTime": -1.0
    },
    {
      "Target": "PartOpacity",
      "Id": "Part5",
      "Segments": [
        0.0,
        1.0,
        0.0,
        3.0,
        1.0
      ],
      "FadeInTime": -1.0,
      "FadeOutTime": -1.0
    },
    {
      "Target": "PartOpacity",
      "Id": "Part6",
      "Segments": [
        0.0,
        1.0,
        0.0,
        3.0,
        1.0
      ],
      "FadeInTime": -1.0,
      "FadeOutTime": -1.0
    },
    {
      "Target": "PartOpacity",
      "Id": "Part7",
      "Segments": [
        0.0,
        1.0,
        0.0,
        3.0,
        1.0
      ],
      "FadeInTime": -1.0,
      "FadeOutTime": -1.0
    },
    {
      "Target": "PartOpacity",
      "Id": "Part9",
      "Segments": [
        0.0,
        1.0,
        0.0,
        3.0,
        1.0
      ],
      "FadeInTime": -1.0,
      "FadeOutTime": -1.0
    },
    {
      "Target": "PartOpacity",
      "Id": "Part10",
      "Segments": [
        0.0,
        1.0,
        0.0,
        3.0,
        1.0
      ],
      "FadeInTime": -1.0,
      "FadeOutTime": -1.0
    },
    {
      "Target": "PartOpacity",
      "Id": "Part39",
      "Segments": [
        0.0,
        1.0,
        0.0,
        3.0,
        1.0
      ],
      "FadeInTime": -1.0,
      "FadeOutTime": -1.0
    },
    {
      "Target": "PartOpacity",
      "Id": "Part11",
      "Segments": [
        0.0,
        1.0,
        0.0,
        3.0,
        1.0
      ],
      "FadeInTime": -1.0,
      "FadeOutTime": -1.0
    },
    {
      "Target": "PartOpacity",
      "Id": "Part12",
      "Segments": [
        0.0,
        1.0,
        0.0,
        3.0,
        1.0
      ],
      "FadeInTime": -1.0,
      "FadeOutTime": -1.0
    },
    {
      "Target": "PartOpacity",
      "Id": "Part13",
      "Segments": [
        0.0,
        1.0,
        0.0,
        3.0,
        1.0
      ],
      "FadeInTime": -1.0,
      "FadeOutTime": -1.0
    },
    {
      "Target": "PartOpacity",
      "Id": "Part8",
      "Segments": [
        0.0,
        1.0,
        0.0,
        3.0,
        1.0
      ],
      "FadeInTime": -1.0,
      "FadeOutTime": -1.0
    },
    {
      "Target": "PartOpacity",
      "Id": "Part38",
      "Segments": [
        0.0,
        1.0,
        0.0,
        3.0,
        1.0
      ],
      "FadeInTime": -1.0,
      "FadeOutTime": -1.0
    },
    {
      "Target": "PartOpacity",
      "Id": "Part14",
      "Segments": [
        0.0,
        1.0,
        0.0,
        3.0,
        1.0
      ],
      "FadeInTime": -1.0,
      "FadeOutTime": -1.0
    },
    {
      "Target": "PartOpacity",
      "Id": "Part15",
      "Segments": [
        0.0,
        1.0,
        0.0,
        3.0,
        1.0
      ],
      "FadeInTime": -1.0,
      "FadeOutTime": -1.0
    },
    {
      "Target": "PartOpacity",
      "Id": "Part37",
      "Segments": [
        0.0,
        1.0,
        0.0,
        3.0,
        1.0
      ],
      "FadeInTime": -1.0,
      "FadeOutTime": -1.0
    },
    {
      "Target": "PartOpacity",
      "Id": "Part36",
      "Segments": [
        0.0,
        1.0,
        0.0,
        3.0,
        1.0
      ],
      "FadeInTime": -1.0,
      "FadeOutTime": -1.0
    },
    {
      "Target": "PartOpacity",
      "Id": "Part4",
      "Segments": [
        0.0,
        1.0,
        0.0,
        3.0,
        1.0
      ],
      "FadeInTime": -1.0,
      "FadeOutTime": -1.0
    },
    {
      "Target": "PartOpacity",
      "Id": "kb4",
      "Segments": [
        0.0,
        1.0,
        0.0,
        3.0,
        1.0
      ],
      "FadeInTime": -1.0,
      "FadeOutTime": -1.0
    },
    {
      "Target": "PartOpacity",
      "Id": "Part16",
      "Segments": [
        0.0,
        1.0,
        0.0,
        3.0,
        1.0
      ],
      "FadeInTime": -1.0,
      "FadeOutTime": -1.0
    },
    {
      "Target": "PartOpacity",
      "Id": "kb",
      "Segments": [
        0.0,
        1.0,
        0.0,
        3.0,
        1.0
      ],
      "FadeInTime": -1.0,
      "FadeOutTime": -1.0
    },
    {
      "Target": "PartOpacity",
      "Id": "Part17",
      "Segments": [
        0.0,
        1.0,
        0.0,
        3.0,
        1.0
      ],
      "FadeInTime": -1.0,
      "FadeOutTime": -1.0
    },
    {
      "Target": "PartOpacity",
      "Id": "kb2",
      "Segments": [
        0.0,
        1.0,
        0.0,
        3.0,
        1.0
      ],
      "FadeInTime": -1.0,
      "FadeOutTime": -1.0
    },
    {
      "Target": "PartOpacity",
      "Id": "Part19",
      "Segments": [
        0.0,
        1.0,
        0.0,
        3.0,
        1.0
      ],
      "FadeInTime": -1.0,
      "FadeOutTime": -1.0
    },
    {
      "Target": "PartOpacity",
      "Id": "Part3",
      "Segments": [
        0.0,
        1.0,
        0.0,
        3.0,
        1.0
      ],
      "FadeInTime": -1.0,
      "FadeOutTime": -1.0
    },
    {
      "Target": "PartOpacity",
      "Id": "Part40",
      "Segments": [
        0.0,
        1.0,
        0.0,
        3.0,
        1.0
      ],
      "FadeInTime": -1.0,
      "FadeOutTime": -1.0
    },
    {
      "Target": "PartOpacity",
      "Id": "Part31",
      "Segments": [
        0.0,
        1.0,
        0.0,
        3.0,
        1.0
      ],
      "FadeInTime": -1.0,
      "FadeOutTime": -1.0
    },
    {
      "Target": "PartOpacity",
      "Id": "Part20",
      "Segments": [
        0.0,
        1.0,
        0.0,
        3.0,
        1.0
      ],
      "FadeInTime": -1.0,
      "FadeOutTime": -1.0
    },
    {
      "Target": "PartOpacity",
      "Id": "Part34",
      "Segments": [
        0.0,
        1.0,
        0.0,
        3.0,
        1.0
      ],
      "FadeInTime": -1.0,
      "FadeOutTime": -1.0
    },
    {
      "Target": "PartOpacity",
      "Id": "Part21",
      "Segments": [
        0.0,
        1.0,
        0.0,
        3.0,
        1.0
      ],
      "FadeInTime": -1.0,
      "FadeOutTime": -1.0
    },
    {
      "Target": "PartOpacity",
      "Id": "Part22",
      "Segments": [
        0.0,
        1.0,
        0.0,
        3.0,
        1.0
      ],
      "FadeInTime": -1.0,
      "FadeOutTime": -1.0
    },
    {
      "Target": "PartOpacity",
      "Id": "Part35",
      "Segments": [
        0.0,
        1.0,
        0.0,
        3.0,
        1.0
      ],
      "FadeInTime": -1.0,
      "FadeOutTime": -1.0
    },
    {
      "Target": "PartOpacity",
      "Id": "Part23",
      "Segments": [
        0.0,
        1.0,
        0.0,
        3.0,
        1.0
      ],
      "FadeInTime": -1.0,
      "FadeOutTime": -1.0
    },
    {
      "Target": "PartOpacity",
      "Id": "Part24",
      "Segments": [
        0.0,
        1.0,
        0.0,
        3.0,
        1.0
      ],
      "FadeInTime": -1.0,
      "FadeOutTime": -1.0
    },
    {
      "Target": "PartOpacity",
      "Id": "Part25",
      "Segments": [
        0.0,
        1.0,
        0.0,
        3.0,
        1.0
      ],
      "FadeInTime": -1.0,
      "FadeOutTime": -1.0
    },
    {
      "Target": "PartOpacity",
      "Id": "Part26",
      "Segments": [
        0.0,
        1.0,
        0.0,
        3.0,
        1.0
      ],
      "FadeInTime": -1.0,
      "FadeOutTime": -1.0
    },
    {
      "Target": "PartOpacity",
      "Id": "Part33",
      "Segments": [
        0.0,
        1.0,
        0.0,
        3.0,
        1.0
      ],
      "FadeInTime": -1.0,
      "FadeOutTime": -1.0
    },
    {
      "Target": "PartOpacity",
      "Id": "Part27",
      "Segments": [
        0.0,
        1.0,
        0.0,
        3.0,
        1.0
      ],
      "FadeInTime": -1.0,
      "FadeOutTime": -1.0
    },
    {
      "Target": "PartOpacity",
      "Id": "Part32",
      "Segments": [
        0.0,
        1.0,
        0.0,
        3.0,
        1.0
      ],
      "FadeInTime": -1.0,
      "FadeOutTime": -1.0
    },
    {
      "Target": "PartOpacity",
      "Id": "Part29",
      "Segments": [
        0.0,
        1.0,
        0.0,
        3.0,
        1.0
      ],
      "FadeInTime": -1.0,
      "FadeOutTime": -1.0
    },
    {
      "Target": "PartOpacity",
      "Id": "Part30",
      "Segments": [
        0.0,
        1.0,
        0.0,
        3.0,
        1.0
      ],
      "FadeInTime": -1.0,
      "FadeOutTime": -1.0
    },
    {
      "Target": "Parameter",
      "Id": "ParamMHand1",
      "Segments": [
        0.0,
        0.0,
        0.0,
        3.0,
        0.0
      ],
      "FadeInTime": 0.0,
      "FadeOutTime": 0.0
    },
    {
      "Target": "Parameter",
      "Id": "ParamKbHand2",
      "Segments": [
        0.0,
        0.0,
        0.0,
        3.0,
        0.0
      ],
      "FadeInTime": 0.0,
      "FadeOutTime": 0.0
    },
    {
      "Target": "Parameter",
      "Id": "ParamArm",
      "Segments": [
        0.0,
        30.0,
        0.0,
        3.0,
        30.0
      ],
      "FadeInTime": 0.0,
      "FadeOutTime": 0.0
    },
    {
      "Target": "Parameter",
      "Id": "ParamAngleX",
      "Segments": [
        0.0,
        0.0,
        0.0,
        3.0,
        0.0
      ],
      "FadeInTime": 0.0,
      "FadeOutTime": 0.0
    },
    {
      "Target": "Parameter",
      "Id": "ParamAngleY",
      "Segments": [
        0.0,
        0.0,
        0.0,
        3.0,
        0.0
      ],
      "FadeInTime": 0.0,
      "FadeOutTime": 0.0
    },
    {
      "Target": "Parameter",
      "Id": "ParamAngleZ",
      "Segments": [
        0.0,
        0.0,
        0.0,
        3.0,
        0.0
      ],
      "FadeInTime": 0.0,
      "FadeOutTime": 0.0
    },
    {
      "Target": "Parameter",
      "Id": "ParamEyeLOpen",
      "Segments": [
        0.0,
        1.0,
        0.0,
        3.0,
        1.0
      ],
      "FadeInTime": 0.0,
      "FadeOutTime": 0.0
    },
    {
      "Target": "Parameter",
      "Id": "ParamEyeROpen",
      "Segments": [
        0.0,
        1.0,
        0.0,
        3.0,
        1.0
      ],
      "FadeInTime": 0.0,
      "FadeOutTime": 0.0
    },
    {
      "Target": "Parameter",
      "Id": "ParamEyeBallX",
      "Segments": [
        0.0,
        0.0,
        0.0,
        3.0,
        0.0
      ],
      "FadeInTime": 0.0,
      "FadeOutTime": 0.0
    },
    {
      "Target": "Parameter",
      "Id": "ParamEyeBallY",
      "Segments": [
        0.0,
        0.0,
        0.0,
        3.0,
        0.0
      ],
      "FadeInTime": 0.0,
      "FadeOutTime": 0.0
    },
    {
      "Target": "Parameter",
      "Id": "ParamBrowLAngle",
      "Segments": [
        0.0,
        0.0,
        0.0,
        3.0,
        0.0
      ],
      "FadeInTime": 0.0,
      "FadeOutTime": 0.0
    },
    {
      "Target": "Parameter",
      "Id": "ParamBrowLForm",
      "Segments": [
        0.0,
        0.0,
        0.0,
        3.0,
        0.0
      ],
      "FadeInTime": 0.0,
      "FadeOutTime": 0.0
    },
    {
      "Target": "Parameter",
      "Id": "ParamBrowRAngle",
      "Segments": [
        0.0,
        0.0,
        0.0,
        3.0,
        0.0
      ],
      "FadeInTime": 0.0,
      "FadeOutTime": 0.0
    },
    {
      "Target": "Parameter",
      "Id": "ParamBrowRForm",
      "Segments": [
        0.0,
        0.0,
        0.0,
        3.0,
        0.0
      ],
      "FadeInTime": 0.0,
      "FadeOutTime": 0.0
    },
    {
      "Target": "Parameter",
      "Id": "ParamMouthForm",
      "Segments": [
        0.0,
        0.0,
        0.0,
        3.0,
        0.0
      ],
      "FadeInTime": 0.0,
      "FadeOutTime": 0.0
    },
    {
      "Target": "Parameter",
      "Id": "ParamMouthOpenY",
      "Segments": [
        0.0,
        0.0,
        0.0,
        3.0,
        0.0
      ],
      "FadeInTime": 0.0,
      "FadeOutTime": 0.0
    },
    {
      "Target": "Parameter",
      "Id": "ParamKbEye",
      "Segments": [
        0.0,
        0.0,
        0.0,
        3.0,
        0.0
      ],
      "FadeInTime": 0.0,
      "FadeOutTime": 0.0
    },
    {
      "Target": "Parameter",
      "Id": "ParamGrgreye2",
      "Segments": [
        0.0,
        0.0,
        0.0,
        3.0,
        0.0
      ],
      "FadeInTime": 0.0,
      "FadeOutTime": 0.0
    },
    {
      "Target": "Parameter",
      "Id": "ParamKbEyeKirakira",
      "Segments": [
        0.0,
        0.0,
        0.0,
        3.0,
        0.0
      ],
      "FadeInTime": 0.0,
      "FadeOutTime": 0.0
    },
    {
      "Target": "Parameter",
      "Id": "ParamKbEyeHeart",
      "Segments": [
        0.0,
        0.0,
        0.0,
        3.0,
        0.0
      ],
      "FadeInTime": 0.0,
      "FadeOutTime": 0.0
    },
    {
      "Target": "Parameter",
      "Id": "ParamKbEye2",
      "Segments": [
        0.0,
        0.0,
        0.0,
        3.0,
        0.0
      ],
      "FadeInTime": 0.0,
      "FadeOutTime": 0.0
    },
    {
      "Target": "Parameter",
      "Id": "ParamKbEyeUruuru",
      "Segments": [
        0.0,
        0.0,
        0.0,
        3.0,
        0.0
      ],
      "FadeInTime": 0.0,
      "FadeOutTime": 0.0
    },
    {
      "Target": "Parameter",
      "Id": "ParamKbBlackEyes",
      "Segments": [
        0.0,
        0.0,
        0.0,
        3.0,
        0.0
      ],
      "FadeInTime": 0.0,
      "FadeOutTime": 0.0
    },
    {
      "Target": "Parameter",
      "Id": "ParamKbHighlight",
      "Segments": [
        0.0,
        0.0,
        0.0,
        3.0,
        0.0
      ],
      "FadeInTime": 0.0,
      "FadeOutTime": 0.0
    },
    {
      "Target": "Parameter",
      "Id": "ParamKbTears",
      "Segments": [
        0.0,
        0.0,
        0.0,
        3.0,
        0.0
      ],
      "FadeInTime": 0.0,
      "FadeOutTime": 0.0
    },
    {
      "Target": "Parameter",
      "Id": "ParamKbSweat",
      "Segments": [
        0.0,
        0.0,
        0.0,
        3.0,
        0.0
      ],
      "FadeInTime": 0.0,
      "FadeOutTime": 0.0
    },
    {
      "Target": "Parameter",
      "Id": "ParamKbFaceRed",
      "Segments": [
        0.0,
        0.0,
        0.0,
        3.0,
        0.0
      ],
      "FadeInTime": 0.0,
      "FadeOutTime": 0.0
    },
    {
      "Target": "Parameter",
      "Id": "ParamKbFaceBlue",
      "Segments": [
        0.0,
        0.0,
        0.0,
        3.0,
        0.0
      ],
      "FadeInTime": 0.0,
      "FadeOutTime": 0.0
    },
    {
      "Target": "Parameter",
      "Id": "ParamKbFaceCenter",
      "Segments": [
        0.0,
        0.0,
        0.0,
        3.0,
        0.0
      ],
      "FadeInTime": 0.0,
      "FadeOutTime": 0.0
    },
    {
      "Target": "Parameter",
      "Id": "ParamEarPhysics",
      "Segments": [
        0.0,
        0.0,
        0.0,
        3.0,
        0.0
      ],
      "FadeInTime": 0.0,
      "FadeOutTime": 0.0
    },
    {
      "Target": "Parameter",
      "Id": "ParamOthersPhysics",
      "Segments": [
        0.0,
        0.0,
        0.0,
        3.0,
        0.0
      ],
      "FadeInTime": 0.0,
      "FadeOutTime": 0.0
    },
    {
      "Target": "Parameter",
      "Id": "ParamTail",
      "Segments": [
        0.0,
        0.0,
        0.0,
        3.0,
        0.0
      ],
      "FadeInTime": 0.0,
      "FadeOutTime": 0.0
    },
    {
      "Target": "Parameter",
      "Id": "ParamHairFront",
      "Segments": [
        0.0,
        0.0,
        0.0,
        3.0,
        0.0
      ],
      "FadeInTime": 0.0,
      "FadeOutTime": 0.0
    },
    {
      "Target": "Parameter",
      "Id": "ParamHairFront2",
      "Segments": [
        0.0,
        0.0,
        0.0,
        3.0,
        0.0
      ],
      "FadeInTime": 0.0,
      "FadeOutTime": 0.0
    },
    {
      "Target": "Parameter",
      "Id": "ParamHairSide",
      "Segments": [
        0.0,
        0.0,
        0.0,
        3.0,
        0.0
      ],
      "FadeInTime": 0.0,
      "FadeOutTime": 0.0
    },
    {
      "Target": "Parameter",
      "Id": "ParamHairSide2",
      "Segments": [
        0.0,
        0.0,
        0.0,
        3.0,
        0.0
      ],
      "FadeInTime": 0.0,
      "FadeOutTime": 0.0
    },
    {
      "Target": "Parameter",
      "Id": "ParamHairBack",
      "Segments": [
        0.0,
        0.0,
        0.0,
        3.0,
        0.0
      ],
      "FadeInTime": 0.0,
      "FadeOutTime": 0.0
    },
    {
      "Target": "Parameter",
      "Id": "ParamHairBack2",
      "Segments": [
        0.0,
        0.0,
        0.0,
        3.0,
        0.0
      ],
      "FadeInTime": 0.0,
      "FadeOutTime": 0.0
    },
    {
      "Target": "Parameter",
      "Id": "ParamBodyAngleX",
      "Segments": [
        0.0,
        0.0,
        0.0,
        3.0,
        0.0
      ],
      "FadeInTime": 0.0,
      "FadeOutTime": 0.0
    },
    {
      "Target": "Parameter",
      "Id": "ParamBodyAngleY",
      "Segments": [
        0.0,
        0.0,
        0.0,
        3.0,
        0.0
      ],
      "FadeInTime": 0.0,
      "FadeOutTime": 0.0
    },
    {
      "Target": "Parameter",
      "Id": "ParamBodyAngleZ",
      "Segments": [
        0.0,
        0.0,
        0.0,
        3.0,
        0.0
      ],
      "FadeInTime": 0.0,
      "FadeOutTime": 0.0
    }
  ]
}