{
  "Version": 3,
  "Meta": {
    "Duration": 10.0,
    "Fps": 30.0,
    "Loop": true,
    "CurveCount": 42,
    "TotalSegmentCount": 125,
    "TotalPointCount": 365,
    "UserDataCount": 0,
    "TotalUserDataSize": 0,
    "FadeInTime": -1.0,
    "FadeOutTime": -1.0
  },
  "Curves": [
    {
      "Target": "Parameter",
      "Id": "ParamAngleX",
      "Segments": [
        0.0,
        0.0,
        1.0,
        0.311,
        0.0,
        0.622,
        0.0,
        0.933,
        0.0,
        1.0,
        0.967,
        0.0,
        1.0,
        -0.631,
        1.033,
        -1.0,
        1.0,
        1.167,
        -2.477,
        1.3,
        -3.0,
        1.433,
        -3.0,
        1.0,
        3.389,
        -3.0,
        5.344,
        -3.0,
        7.3,
        -3.0,
        1.0,
        7.467,
        -3.0,
        7.633,
        0.0,
        7.8,
        0.0,
        0.0,
        10.0,
        0.0
      ],
      "FadeInTime": -1.0,
      "FadeOutTime": -1.0
    },
    {
      "Target": "Parameter",
      "Id": "ParamAngleY",
      "Segments": [
        0.0,
        0.0,
        1.0,
        0.311,
        0.0,
        0.622,
        -0.266,
        0.933,
        -1.0,
        1.0,
        0.967,
        -1.079,
        1.0,
        -6.74,
        1.033,
        -10.0,
        1.0,
        1.167,
        -23.04,
        1.3,
        -30.0,
        1.433,
        -30.0,
        1.0,
        3.389,
        -30.0,
        5.344,
        -30.0,
        7.3,
        -30.0,
        1.0,
        7.467,
        -30.0,
        7.633,
        -1.0,
        7.8,
        -1.0,
        0.0,
        10.0,
        -1.0
      ],
      "FadeInTime": -1.0,
      "FadeOutTime": -1.0
    },
    {
      "Target": "Parameter",
      "Id": "ParamAngleZ",
      "Segments": [
        0.0,
        0.0,
        1.0,
        0.5,
        0.0,
        1.0,
        0.0,
        1.5,
        0.0,
        1.0,
        1.789,
        0.0,
        2.078,
        -3.349,
        2.367,
        -12.0,
        1.0,
        2.411,
        -13.331,
        2.456,
        -17.0,
        2.5,
        -17.0,
        1.0,
        4.111,
        -17.0,
        5.722,
        -17.0,
        7.333,
        -17.0,
        1.0,
        7.444,
        -17.0,
        7.556,
        0.0,
        7.667,
        0.0,
        0.0,
        10.0,
        0.0
      ],
      "FadeInTime": -1.0,
      "FadeOutTime": -1.0
    },
    {
      "Target": "Parameter",
      "Id": "ParamEyeLOpen",
      "Segments": [
        0.0,
        0.5,
        1.0,
        0.044,
        0.5,
        0.089,
        0.6,
        0.133,
        0.6,
        1.0,
        0.167,
        0.6,
        0.2,
        0.0,
        0.233,
        0.0,
        1.0,
        0.267,
        0.0,
        0.3,
        0.6,
        0.333,
        0.6,
        1.0,
        0.444,
        0.6,
        0.556,
        0.59,
        0.667,
        0.5,
        1.0,
        0.711,
        0.464,
        0.756,
        0.0,
        0.8,
        0.0,
        1.0,
        0.833,
        0.0,
        0.867,
        0.5,
        0.9,
        0.5,
        1.0,
        1.144,
        0.5,
        1.389,
        0.3,
        1.633,
        0.3,
        1.0,
        1.733,
        0.3,
        1.833,
        0.4,
        1.933,
        0.4,
        1.0,
        2.078,
        0.4,
        2.222,
        0.0,
        2.367,
        0.0,
        1.0,
        4.056,
        0.0,
        5.744,
        0.0,
        7.433,
        0.0,
        1.0,
        7.533,
        0.0,
        7.633,
        0.2,
        7.733,
        0.2,
        1.0,
        7.778,
        0.2,
        7.822,
        0.2,
        7.867,
        0.2,
        1.0,
        7.911,
        0.2,
        7.956,
        1.0,
        8.0,
        1.0,
        1.0,
        8.122,
        1.0,
        8.244,
        1.0,
        8.367,
        1.0,
        1.0,
        8.411,
        1.0,
        8.456,
        0.0,
        8.5,
        0.0,
        1.0,
        8.556,
        0.0,
        8.611,
        0.8,
        8.667,
        0.8,
        1.0,
        8.756,
        0.8,
        8.844,
        0.8,
        8.933,
        0.8,
        1.0,
        8.956,
        0.8,
        8.978,
        0.0,
        9.0,
        0.0,
        1.0,
        9.033,
        0.0,
        9.067,
        0.8,
        9.1,
        0.8,
        1.0,
        9.156,
        0.8,
        9.211,
        0.5,
        9.267,
        0.5,
        0.0,
        10.0,
        0.5
      ],
      "FadeInTime": -1.0,
      "FadeOutTime": -1.0
    },
    {
      "Target": "Parameter",
      "Id": "ParamEyeROpen",
      "Segments": [
        0.0,
        0.5,
        1.0,
        0.044,
        0.5,
        0.089,
        0.6,
        0.133,
        0.6,
        1.0,
        0.167,
        0.6,
        0.2,
        0.0,
        0.233,
        0.0,
        1.0,
        0.267,
        0.0,
        0.3,
        0.6,
        0.333,
        0.6,
        1.0,
        0.444,
        0.6,
        0.556,
        0.59,
        0.667,
        0.5,
        1.0,
        0.711,
        0.464,
        0.756,
        0.0,
        0.8,
        0.0,
        1.0,
        0.833,
        0.0,
        0.867,
        0.5,
        0.9,
        0.5,
        1.0,
        1.144,
        0.5,
        1.389,
        0.3,
        1.633,
        0.3,
        1.0,
        1.733,
        0.3,
        1.833,
        0.4,
        1.933,
        0.4,
        1.0,
        2.078,
        0.4,
        2.222,
        0.0,
        2.367,
        0.0,
        1.0,
        4.056,
        0.0,
        5.744,
        0.0,
        7.433,
        0.0,
        1.0,
        7.533,
        0.0,
        7.633,
        0.2,
        7.733,
        0.2,
        1.0,
        7.778,
        0.2,
        7.822,
        0.2,
        7.867,
        0.2,
        1.0,
        7.911,
        0.2,
        7.956,
        1.0,
        8.0,
        1.0,
        1.0,
        8.122,
        1.0,
        8.244,
        1.0,
        8.367,
        1.0,
        1.0,
        8.411,
        1.0,
        8.456,
        0.0,
        8.5,
        0.0,
        1.0,
        8.556,
        0.0,
        8.611,
        0.8,
        8.667,
        0.8,
        1.0,
        8.756,
        0.8,
        8.844,
        0.8,
        8.933,
        0.8,
        1.0,
        8.956,
        0.8,
        8.978,
        0.0,
        9.0,
        0.0,
        1.0,
        9.033,
        0.0,
        9.067,
        0.8,
        9.1,
        0.8,
        1.0,
        9.156,
        0.8,
        9.211,
        0.5,
        9.267,
        0.5,
        0.0,
        10.0,
        0.5
      ],
      "FadeInTime": -1.0,
      "FadeOutTime": -1.0
    },
    {
      "Target": "Parameter",
      "Id": "ParamEyeBallX",
      "Segments": [
        0.0,
        0.0,
        0.0,
        10.0,
        0.0
      ],
      "FadeInTime": -1.0,
      "FadeOutTime": -1.0
    },
    {
      "Target": "Parameter",
      "Id": "ParamEyeBallY",
      "Segments": [
        0.0,
        0.0,
        0.0,
        10.0,
        0.0
      ],
      "FadeInTime": -1.0,
      "FadeOutTime": -1.0
    },
    {
      "Target": "Parameter",
      "Id": "ParamBrowLAngle",
      "Segments": [
        0.0,
        0.0,
        1.0,
        2.656,
        0.0,
        5.311,
        0.0,
        7.967,
        0.0,
        0.0,
        10.0,
        0.0
      ],
      "FadeInTime": -1.0,
      "FadeOutTime": -1.0
    },
    {
      "Target": "Parameter",
      "Id": "ParamBrowLForm",
      "Segments": [
        0.0,
        0.0,
        1.0,
        2.656,
        0.0,
        5.311,
        0.0,
        7.967,
        0.0,
        1.0,
        7.989,
        0.0,
        8.011,
        1.0,
        8.033,
        1.0,
        1.0,
        8.089,
        1.0,
        8.144,
        1.0,
        8.2,
        1.0,
        1.0,
        8.3,
        1.0,
        8.4,
        0.0,
        8.5,
        0.0,
        0.0,
        10.0,
        0.0
      ],
      "FadeInTime": -1.0,
      "FadeOutTime": -1.0
    },
    {
      "Target": "Parameter",
      "Id": "ParamBrowRAngle",
      "Segments": [
        0.0,
        0.0,
        1.0,
        2.656,
        0.0,
        5.311,
        0.0,
        7.967,
        0.0,
        0.0,
        10.0,
        0.0
      ],
      "FadeInTime": -1.0,
      "FadeOutTime": -1.0
    },
    {
      "Target": "Parameter",
      "Id": "ParamBrowRForm",
      "Segments": [
        0.0,
        0.0,
        1.0,
        2.656,
        0.0,
        5.311,
        0.0,
        7.967,
        0.0,
        1.0,
        7.989,
        0.0,
        8.011,
        1.0,
        8.033,
        1.0,
        1.0,
        8.089,
        1.0,
        8.144,
        1.0,
        8.2,
        1.0,
        1.0,
        8.3,
        1.0,
        8.4,
        -0.1,
        8.5,
        -0.1,
        0.0,
        10.0,
        -0.1
      ],
      "FadeInTime": -1.0,
      "FadeOutTime": -1.0
    },
    {
      "Target": "Parameter",
      "Id": "ParamMouthForm",
      "Segments": [
        0.0,
        0.0,
        1.0,
        0.433,
        0.0,
        0.867,
        -1.0,
        1.3,
        -1.0,
        1.0,
        1.378,
        -1.0,
        1.456,
        -1.0,
        1.533,
        -1.0,
        1.0,
        3.667,
        -1.0,
        5.8,
        -1.0,
        7.933,
        -1.0,
        1.0,
        8.0,
        -1.0,
        8.067,
        -1.0,
        8.133,
        -1.0,
        1.0,
        8.289,
        -1.0,
        8.444,
        -1.0,
        8.6,
        -1.0,
        1.0,
        8.711,
        -1.0,
        8.822,
        -1.0,
        8.933,
        -1.0,
        1.0,
        8.978,
        -1.0,
        9.022,
        0.0,
        9.067,
        0.0,
        0.0,
        10.0,
        0.0
      ],
      "FadeInTime": -1.0,
      "FadeOutTime": -1.0
    },
    {
      "Target": "Parameter",
      "Id": "ParamMouthOpenY",
      "Segments": [
        0.0,
        0.0,
        1.0,
        0.433,
        0.0,
        0.867,
        0.0,
        1.3,
        0.0,
        1.0,
        1.378,
        0.0,
        1.456,
        0.3,
        1.533,
        0.3,
        1.0,
        3.667,
        0.3,
        5.8,
        0.3,
        7.933,
        0.3,
        1.0,
        8.0,
        0.3,
        8.067,
        0.7,
        8.133,
        0.7,
        1.0,
        8.289,
        0.7,
        8.444,
        0.7,
        8.6,
        0.7,
        1.0,
        8.711,
        0.7,
        8.822,
        0.0,
        8.933,
        0.0,
        1.0,
        8.978,
        0.0,
        9.022,
        0.0,
        9.067,
        0.0,
        0.0,
        10.0,
        0.0
      ],
      "FadeInTime": -1.0,
      "FadeOutTime": -1.0
    },
    {
      "Target": "Parameter",
      "Id": "ParamKbEye",
      "Segments": [
        0.0,
        0.0,
        1.0,
        3.333,
        0.0,
        6.667,
        0.0,
        10.0,
        0.0
      ],
      "FadeInTime": -1.0,
      "FadeOutTime": -1.0
    },
    {
      "Target": "Parameter",
      "Id": "ParamGrgreye",
      "Segments": [
        0.0,
        0.0,
        0.0,
        10.0,
        0.0
      ],
      "FadeInTime": -1.0,
      "FadeOutTime": -1.0
    },
    {
      "Target": "Parameter",
      "Id": "ParamGrgreye2",
      "Segments": [
        0.0,
        0.0,
        1.0,
        3.333,
        0.0,
        6.667,
        0.0,
        10.0,
        0.0
      ],
      "FadeInTime": -1.0,
      "FadeOutTime": -1.0
    },
    {
      "Target": "Parameter",
      "Id": "ParamKbEyeKirakira",
      "Segments": [
        0.0,
        0.0,
        1.0,
        3.333,
        0.0,
        6.667,
        0.0,
        10.0,
        0.0
      ],
      "FadeInTime": -1.0,
      "FadeOutTime": -1.0
    },
    {
      "Target": "Parameter",
      "Id": "ParamKbEyeHeart",
      "Segments": [
        0.0,
        0.0,
        1.0,
        3.333,
        0.0,
        6.667,
        0.0,
        10.0,
        0.0
      ],
      "FadeInTime": -1.0,
      "FadeOutTime": -1.0
    },
    {
      "Target": "Parameter",
      "Id": "ParamKbEye2",
      "Segments": [
        0.0,
        0.0,
        1.0,
        3.333,
        0.0,
        6.667,
        0.0,
        10.0,
        0.0
      ],
      "FadeInTime": -1.0,
      "FadeOutTime": -1.0
    },
    {
      "Target": "Parameter",
      "Id": "ParamKbEyeUruuru",
      "Segments": [
        0.0,
        0.0,
        1.0,
        3.333,
        0.0,
        6.667,
        0.0,
        10.0,
        0.0
      ],
      "FadeInTime": -1.0,
      "FadeOutTime": -1.0
    },
    {
      "Target": "Parameter",
      "Id": "ParamKbBlackEyes",
      "Segments": [
        0.0,
        0.0,
        1.0,
        3.333,
        0.0,
        6.667,
        0.0,
        10.0,
        0.0
      ],
      "FadeInTime": -1.0,
      "FadeOutTime": -1.0
    },
    {
      "Target": "Parameter",
      "Id": "ParamKbHighlight",
      "Segments": [
        0.0,
        0.0,
        1.0,
        3.333,
        0.0,
        6.667,
        0.0,
        10.0,
        0.0
      ],
      "FadeInTime": -1.0,
      "FadeOutTime": -1.0
    },
    {
      "Target": "Parameter",
      "Id": "ParamKbTears",
      "Segments": [
        0.0,
        0.0,
        1.0,
        3.333,
        0.0,
        6.667,
        0.0,
        10.0,
        0.0
      ],
      "FadeInTime": -1.0,
      "FadeOutTime": -1.0
    },
    {
      "Target": "Parameter",
      "Id": "ParamKbSweat",
      "Segments": [
        0.0,
        0.0,
        1.0,
        3.333,
        0.0,
        6.667,
        0.0,
        10.0,
        0.0
      ],
      "FadeInTime": -1.0,
      "FadeOutTime": -1.0
    },
    {
      "Target": "Parameter",
      "Id": "ParamKbFaceRed",
      "Segments": [
        0.0,
        0.1,
        1.0,
        0.922,
        0.1,
        1.844,
        0.0,
        2.767,
        0.0,
        1.0,
        2.911,
        0.0,
        3.056,
        0.3,
        3.2,
        0.3,
        1.0,
        4.644,
        0.3,
        6.089,
        0.3,
        7.533,
        0.3,
        1.0,
        7.711,
        0.3,
        7.889,
        0.0,
        8.067,
        0.0,
        1.0,
        8.711,
        0.0,
        9.356,
        0.1,
        10.0,
        0.1
      ],
      "FadeInTime": -1.0,
      "FadeOutTime": -1.0
    },
    {
      "Target": "Parameter",
      "Id": "ParamKbFaceBlue",
      "Segments": [
        0.0,
        0.0,
        1.0,
        3.333,
        0.0,
        6.667,
        0.0,
        10.0,
        0.0
      ],
      "FadeInTime": -1.0,
      "FadeOutTime": -1.0
    },
    {
      "Target": "Parameter",
      "Id": "ParamKbFaceCenter",
      "Segments": [
        0.0,
        0.0,
        1.0,
        3.333,
        0.0,
        6.667,
        0.0,
        10.0,
        0.0
      ],
      "FadeInTime": -1.0,
      "FadeOutTime": -1.0
    },
    {
      "Target": "Parameter",
      "Id": "ParamMHand1",
      "Segments": [
        0.0,
        0.0,
        1.0,
        3.333,
        0.0,
        6.667,
        0.0,
        10.0,
        0.0
      ],
      "FadeInTime": -1.0,
      "FadeOutTime": -1.0
    },
    {
      "Target": "Parameter",
      "Id": "ParamKbHand2",
      "Segments": [
        0.0,
        0.0,
        1.0,
        3.333,
        0.0,
        6.667,
        0.0,
        10.0,
        0.0
      ],
      "FadeInTime": -1.0,
      "FadeOutTime": -1.0
    },
    {
      "Target": "Parameter",
      "Id": "ParamArm",
      "Segments": [
        0.0,
        30.0,
        1.0,
        3.333,
        30.0,
        6.667,
        30.0,
        10.0,
        30.0
      ],
      "FadeInTime": -1.0,
      "FadeOutTime": -1.0
    },
    {
      "Target": "Parameter",
      "Id": "ParamEarPhysics",
      "Segments": [
        0.0,
        0.0,
        0.0,
        10.0,
        0.0
      ],
      "FadeInTime": -1.0,
      "FadeOutTime": -1.0
    },
    {
      "Target": "Parameter",
      "Id": "ParamOthersPhysics",
      "Segments": [
        0.0,
        0.0,
        0.0,
        10.0,
        0.0
      ],
      "FadeInTime": -1.0,
      "FadeOutTime": -1.0
    },
    {
      "Target": "Parameter",
      "Id": "ParamTail",
      "Segments": [
        0.0,
        0.0,
        0.0,
        10.0,
        0.0
      ],
      "FadeInTime": -1.0,
      "FadeOutTime": -1.0
    },
    {
      "Target": "Parameter",
      "Id": "ParamHairFront",
      "Segments": [
        0.0,
        0.0,
        0.0,
        10.0,
        0.0
      ],
      "FadeInTime": -1.0,
      "FadeOutTime": -1.0
    },
    {
      "Target": "Parameter",
      "Id": "ParamHairFront2",
      "Segments": [
        0.0,
        0.0,
        0.0,
        10.0,
        0.0
      ],
      "FadeInTime": -1.0,
      "FadeOutTime": -1.0
    },
    {
      "Target": "Parameter",
      "Id": "ParamHairSide",
      "Segments": [
        0.0,
        0.0,
        0.0,
        10.0,
        0.0
      ],
      "FadeInTime": -1.0,
      "FadeOutTime": -1.0
    },
    {
      "Target": "Parameter",
      "Id": "ParamHairSide2",
      "Segments": [
        0.0,
        0.0,
        0.0,
        10.0,
        0.0
      ],
      "FadeInTime": -1.0,
      "FadeOutTime": -1.0
    },
    {
      "Target": "Parameter",
      "Id": "ParamHairBack",
      "Segments": [
        0.0,
        0.0,
        0.0,
        10.0,
        0.0
      ],
      "FadeInTime": -1.0,
      "FadeOutTime": -1.0
    },
    {
      "Target": "Parameter",
      "Id": "ParamHairBack2",
      "Segments": [
        0.0,
        0.0,
        0.0,
        10.0,
        0.0
      ],
      "FadeInTime": -1.0,
      "FadeOutTime": -1.0
    },
    {
      "Target": "Parameter",
      "Id": "ParamBodyAngleX",
      "Segments": [
        0.0,
        0.0,
        0.0,
        10.0,
        0.0
      ],
      "FadeInTime": -1.0,
      "FadeOutTime": -1.0
    },
    {
      "Target": "Parameter",
      "Id": "ParamBodyAngleY",
      "Segments": [
        0.0,
        0.0,
        0.0,
        10.0,
        0.0
      ],
      "FadeInTime": -1.0,
      "FadeOutTime": -1.0
    },
    {
      "Target": "Parameter",
      "Id": "ParamBodyAngleZ",
      "Segments": [
        0.0,
        0.0,
        0.0,
        10.0,
        0.0
      ],
      "FadeInTime": -1.0,
      "FadeOutTime": -1.0
    },
    {
      "Target": "Parameter",
      "Id": "ParamKbEyeUruuru2",
      "Segments": [
        0.0,
        0.0,
        0.0,
        10.0,
        0.0
      ],
      "FadeInTime": 0.0,
      "FadeOutTime": 0.0
    },
    {
      "Target": "PartOpacity",
      "Id": "Part",
      "Segments": [
        0.0,
        1.0,
        0.0,
        10.0,
        1.0
      ],
      "FadeInTime": 0.0,
      "FadeOutTime": 0.0
    },
    {
      "Target": "PartOpacity",
      "Id": "Part41",
      "Segments": [
        0.0,
        1.0,
        0.0,
        10.0,
        1.0
      ],
      "FadeInTime": 0.0,
      "FadeOutTime": 0.0
    },
    {
      "Target": "PartOpacity",
      "Id": "Part2",
      "Segments": [
        0.0,
        1.0,
        0.0,
        10.0,
        1.0
      ],
      "FadeInTime": 0.0,
      "FadeOutTime": 0.0
    },
    {
      "Target": "PartOpacity",
      "Id": "Part5",
      "Segments": [
        0.0,
        1.0,
        0.0,
        10.0,
        1.0
      ],
      "FadeInTime": 0.0,
      "FadeOutTime": 0.0
    },
    {
      "Target": "PartOpacity",
      "Id": "Part6",
      "Segments": [
        0.0,
        1.0,
        0.0,
        10.0,
        1.0
      ],
      "FadeInTime": 0.0,
      "FadeOutTime": 0.0
    },
    {
      "Target": "PartOpacity",
      "Id": "Part7",
      "Segments": [
        0.0,
        1.0,
        0.0,
        10.0,
        1.0
      ],
      "FadeInTime": 0.0,
      "FadeOutTime": 0.0
    },
    {
      "Target": "PartOpacity",
      "Id": "Part9",
      "Segments": [
        0.0,
        1.0,
        0.0,
        10.0,
        1.0
      ],
      "FadeInTime": 0.0,
      "FadeOutTime": 0.0
    },
    {
      "Target": "PartOpacity",
      "Id": "Part10",
      "Segments": [
        0.0,
        1.0,
        0.0,
        10.0,
        1.0
      ],
      "FadeInTime": 0.0,
      "FadeOutTime": 0.0
    },
    {
      "Target": "PartOpacity",
      "Id": "Part39",
      "Segments": [
        0.0,
        1.0,
        0.0,
        10.0,
        1.0
      ],
      "FadeInTime": 0.0,
      "FadeOutTime": 0.0
    },
    {
      "Target": "PartOpacity",
      "Id": "Part11",
      "Segments": [
        0.0,
        1.0,
        0.0,
        10.0,
        1.0
      ],
      "FadeInTime": 0.0,
      "FadeOutTime": 0.0
    },
    {
      "Target": "PartOpacity",
      "Id": "Part12",
      "Segments": [
        0.0,
        1.0,
        0.0,
        10.0,
        1.0
      ],
      "FadeInTime": 0.0,
      "FadeOutTime": 0.0
    },
    {
      "Target": "PartOpacity",
      "Id": "Part13",
      "Segments": [
        0.0,
        1.0,
        0.0,
        10.0,
        1.0
      ],
      "FadeInTime": 0.0,
      "FadeOutTime": 0.0
    },
    {
      "Target": "PartOpacity",
      "Id": "Part8",
      "Segments": [
        0.0,
        1.0,
        0.0,
        10.0,
        1.0
      ],
      "FadeInTime": 0.0,
      "FadeOutTime": 0.0
    },
    {
      "Target": "PartOpacity",
      "Id": "Part38",
      "Segments": [
        0.0,
        1.0,
        0.0,
        10.0,
        1.0
      ],
      "FadeInTime": 0.0,
      "FadeOutTime": 0.0
    },
    {
      "Target": "PartOpacity",
      "Id": "Part14",
      "Segments": [
        0.0,
        1.0,
        0.0,
        10.0,
        1.0
      ],
      "FadeInTime": 0.0,
      "FadeOutTime": 0.0
    },
    {
      "Target": "PartOpacity",
      "Id": "Part15",
      "Segments": [
        0.0,
        1.0,
        0.0,
        10.0,
        1.0
      ],
      "FadeInTime": 0.0,
      "FadeOutTime": 0.0
    },
    {
      "Target": "PartOpacity",
      "Id": "Part37",
      "Segments": [
        0.0,
        1.0,
        0.0,
        10.0,
        1.0
      ],
      "FadeInTime": 0.0,
      "FadeOutTime": 0.0
    },
    {
      "Target": "PartOpacity",
      "Id": "Part36",
      "Segments": [
        0.0,
        1.0,
        0.0,
        10.0,
        1.0
      ],
      "FadeInTime": 0.0,
      "FadeOutTime": 0.0
    },
    {
      "Target": "PartOpacity",
      "Id": "Part4",
      "Segments": [
        0.0,
        1.0,
        0.0,
        10.0,
        1.0
      ],
      "FadeInTime": 0.0,
      "FadeOutTime": 0.0
    },
    {
      "Target": "PartOpacity",
      "Id": "kb4",
      "Segments": [
        0.0,
        1.0,
        0.0,
        10.0,
        1.0
      ],
      "FadeInTime": 0.0,
      "FadeOutTime": 0.0
    },
    {
      "Target": "PartOpacity",
      "Id": "Part16",
      "Segments": [
        0.0,
        1.0,
        0.0,
        10.0,
        1.0
      ],
      "FadeInTime": 0.0,
      "FadeOutTime": 0.0
    },
    {
      "Target": "PartOpacity",
      "Id": "kb",
      "Segments": [
        0.0,
        1.0,
        0.0,
        10.0,
        1.0
      ],
      "FadeInTime": 0.0,
      "FadeOutTime": 0.0
    },
    {
      "Target": "PartOpacity",
      "Id": "Part17",
      "Segments": [
        0.0,
        1.0,
        0.0,
        10.0,
        1.0
      ],
      "FadeInTime": 0.0,
      "FadeOutTime": 0.0
    },
    {
      "Target": "PartOpacity",
      "Id": "kb2",
      "Segments": [
        0.0,
        1.0,
        0.0,
        10.0,
        1.0
      ],
      "FadeInTime": 0.0,
      "FadeOutTime": 0.0
    },
    {
      "Target": "PartOpacity",
      "Id": "Part19",
      "Segments": [
        0.0,
        1.0,
        0.0,
        10.0,
        1.0
      ],
      "FadeInTime": 0.0,
      "FadeOutTime": 0.0
    },
    {
      "Target": "PartOpacity",
      "Id": "Part3",
      "Segments": [
        0.0,
        1.0,
        0.0,
        10.0,
        1.0
      ],
      "FadeInTime": 0.0,
      "FadeOutTime": 0.0
    },
    {
      "Target": "PartOpacity",
      "Id": "Part40",
      "Segments": [
        0.0,
        1.0,
        0.0,
        10.0,
        1.0
      ],
      "FadeInTime": 0.0,
      "FadeOutTime": 0.0
    },
    {
      "Target": "PartOpacity",
      "Id": "Part31",
      "Segments": [
        0.0,
        1.0,
        0.0,
        10.0,
        1.0
      ],
      "FadeInTime": 0.0,
      "FadeOutTime": 0.0
    },
    {
      "Target": "PartOpacity",
      "Id": "Part20",
      "Segments": [
        0.0,
        1.0,
        0.0,
        10.0,
        1.0
      ],
      "FadeInTime": 0.0,
      "FadeOutTime": 0.0
    },
    {
      "Target": "PartOpacity",
      "Id": "Part34",
      "Segments": [
        0.0,
        1.0,
        0.0,
        10.0,
        1.0
      ],
      "FadeInTime": 0.0,
      "FadeOutTime": 0.0
    },
    {
      "Target": "PartOpacity",
      "Id": "Part21",
      "Segments": [
        0.0,
        1.0,
        0.0,
        10.0,
        1.0
      ],
      "FadeInTime": 0.0,
      "FadeOutTime": 0.0
    },
    {
      "Target": "PartOpacity",
      "Id": "Part22",
      "Segments": [
        0.0,
        1.0,
        0.0,
        10.0,
        1.0
      ],
      "FadeInTime": 0.0,
      "FadeOutTime": 0.0
    },
    {
      "Target": "PartOpacity",
      "Id": "Part35",
      "Segments": [
        0.0,
        1.0,
        0.0,
        10.0,
        1.0
      ],
      "FadeInTime": 0.0,
      "FadeOutTime": 0.0
    },
    {
      "Target": "PartOpacity",
      "Id": "Part23",
      "Segments": [
        0.0,
        1.0,
        0.0,
        10.0,
        1.0
      ],
      "FadeInTime": 0.0,
      "FadeOutTime": 0.0
    },
    {
      "Target": "PartOpacity",
      "Id": "Part24",
      "Segments": [
        0.0,
        1.0,
        0.0,
        10.0,
        1.0
      ],
      "FadeInTime": 0.0,
      "FadeOutTime": 0.0
    },
    {
      "Target": "PartOpacity",
      "Id": "Part25",
      "Segments": [
        0.0,
        1.0,
        0.0,
        10.0,
        1.0
      ],
      "FadeInTime": 0.0,
      "FadeOutTime": 0.0
    },
    {
      "Target": "PartOpacity",
      "Id": "Part26",
      "Segments": [
        0.0,
        1.0,
        0.0,
        10.0,
        1.0
      ],
      "FadeInTime": 0.0,
      "FadeOutTime": 0.0
    },
    {
      "Target": "PartOpacity",
      "Id": "Part33",
      "Segments": [
        0.0,
        1.0,
        0.0,
        10.0,
        1.0
      ],
      "FadeInTime": 0.0,
      "FadeOutTime": 0.0
    },
    {
      "Target": "PartOpacity",
      "Id": "Part27",
      "Segments": [
        0.0,
        1.0,
        0.0,
        10.0,
        1.0
      ],
      "FadeInTime": 0.0,
      "FadeOutTime": 0.0
    },
    {
      "Target": "PartOpacity",
      "Id": "Part32",
      "Segments": [
        0.0,
        1.0,
        0.0,
        10.0,
        1.0
      ],
      "FadeInTime": 0.0,
      "FadeOutTime": 0.0
    },
    {
      "Target": "PartOpacity",
      "Id": "Part29",
      "Segments": [
        0.0,
        1.0,
        0.0,
        10.0,
        1.0
      ],
      "FadeInTime": 0.0,
      "FadeOutTime": 0.0
    },
    {
      "Target": "PartOpacity",
      "Id": "Part30",
      "Segments": [
        0.0,
        1.0,
        0.0,
        10.0,
        1.0
      ],
      "FadeInTime": 0.0,
      "FadeOutTime": 0.0
    }
  ]
}