{
  "Version": 3,
  "Type": 0,
  "Bounds": {
    "Width": 5.583637,
    "Height": 10.51734,
    "CenterX": 0.5337496,
    "CenterY": -3.456938
  },
  "FileReferences": {
    "Moc": "cat.moc3",
    "Textures": [
      "textures/texture_00.png",
      "textures/texture_01.png"
    ],
    "Physics": "cat.physics3.json",
    "PhysicsV2": {
      "File": "cat.physics3.json"
    },
    "Motions": {
      "Idle": [
        {
          "File": "motion/byby.motion3.json"
        },
        {
          "File": "motion/gaooo.motion3.json"
        },
        {
          "File": "motion/grgr.motion3.json"
        },
        {
          "File": "motion/zzz.motion3.json"
        }
      ],
      "TapHead": [
        {
          "FileLoop": true,
          "Expression": "怒り眉",
          "Language": "zhs"
        }
      ]
    },
    "Expressions": [
      {
        "Name": "キラキラ目",
        "File": "motion/EyeKirakira.exp3.json"
      },
      {
        "Name": "ぐるぐる目",
        "File": "motion/EyeGrugru.exp3.json"
      },
      {
        "Name": "ハート目",
        "File": "motion/EyeHeart.exp3.json"
      },
      {
        "Name": "＞＜",
        "File": "motion/Eye.exp3.json"
      },
      {
        "Name": "ウルウル目",
        "File": "motion/EyeUrur.exp3.json"
      },
      {
        "Name": "汗",
        "File": "motion/Sweat.exp3.json"
      },
      {
        "Name": "ハイライト消し",
        "File": "motion/EyeHighlight.exp3.json"
      },
      {
        "Name": "顔の赤み強",
        "File": "motion/FaceRed.exp3.json"
      },
      {
        "Name": "顔が青ざめる",
        "File": "motion/FaceBlue.exp3.json"
      },
      {
        "Name": "がおー手",
        "File": "motion/HandGaoo.exp3.json"
      },
      {
        "Name": "バイバイ",
        "File": "motion/HandByby.exp3.json"
      },
      {
        "Name": "怒り眉",
        "File": "motion/AngryEyebrow.exp3.json"
      },
      {
        "Name": "リボン切り替え",
        "File": "motion/ribbon.exp3.json"
      }
    ]
  },
  "Controllers": {
    "ParamHit": {},
    "ParamLoop": {},
    "KeyTrigger": {},
    "ParamTrigger": {},
    "AreaTrigger": {},
    "HandTrigger": {},
    "EyeBlink": {
      "MinInterval": 500,
      "MaxInterval": 6000,
      "Enabled": true
    },
    "LipSync": {
      "Gain": 5.0
    },
    "MouseTracking": {
      "SmoothTime": 0.15,
      "Enabled": true
    },
    "AutoBreath": {
      "Enabled": true
    },
    "ExtraMotion": {
      "Enabled": true
    },
    "Accelerometer": {
      "Enabled": true
    },
    "Microphone": {},
    "Transform": {},
    "FaceTracking": {
      "Enabled": true
    },
    "HandTracking": {},
    "ParamValue": {},
    "PartOpacity": {},
    "ArtmeshOpacity": {},
    "ArtmeshColor": {},
    "ArtmeshCulling": {
      "DefaultMode": 0
    },
    "IntimacySystem": {}
  },
  "HitAreas": [
    {
      "Name": "Head",
      "Id": "ArtMesh57"
    },
    {
      "Name": "Body",
      "Id": "ArtMesh68"
    },
    {
      "Name": "LegL",
      "Id": "ArtMesh75"
    },
    {
      "Name": "LegR",
      "Id": "ArtMesh94"
    },
    {
      "Name": "EarL",
      "Id": "ArtMesh16"
    },
    {
      "Name": "EarR",
      "Id": "ArtMesh102"
    },
    {
      "Name": "BoobsL",
      "Id": "ArtMesh64"
    },
    {
      "Name": "BoobsR",
      "Id": "ArtMesh99"
    }
  ],
  "Options": {}
}